<manifest xmlns="http://www.imsglobal.org/xsd/imscp_v1p1" xmlns:adlcp="http://www.adlnet.org/xsd/adlcp_v1p3" xmlns:imsss="http://www.imsglobal.org/xsd/imsss" xmlns:xsi="http://www.w3.org/2001/XMLSchema-instance" identifier="Numbas: THE LENGTH OF A LINE SEGMENT" version="1" xsi:schemaLocation="http://www.imsglobal.org/xsd/imscp_v1p1 imscp_v1p1.xsd           http://www.adlnet.org/xsd/adlcp_v1p3 adlcp_v1p3.xsd           http://www.adlnet.org/xsd/adlseq_v1p3 adlseq_v1p3.xsd           http://www.adlnet.org/xsd/adlnav_v1p3 adlnav_v1p3.xsd           http://www.imsglobal.org/xsd/imsss imsss_v1p0.xsd"> 
	
	 
	<metadata> 
		<schema>ADL SCORM</schema> 
		<schemaversion>2004 3rd Edition</schemaversion> 
	</metadata> 
	 
	<organizations default="numbas_default_org"> 
		<organization identifier="numbas_default_org"> 
			<title>THE LENGTH OF A LINE SEGMENT</title> 
			<item identifier="item_1" identifierref="resource_1"> 
				<title>Exam</title> 
				<imsss:sequencing>
					<imsss:deliveryControls completionSetByContent="true" objectiveSetByContent="true" />
				</imsss:sequencing>
			</item> 
			<imsss:sequencing>
				<imsss:controlMode choice="true" flow="true" />
			</imsss:sequencing>
		</organization> 
	</organizations> 
	<resources> 
		<resource href="index.html" identifier="resource_1" type="webcontent" adlcp:scormType="sco"> 
		<file href="readme.txt" /><file href="scripts/es5-shim.js" /><file href="scripts/SCORM_API_wrapper.js" /><file href="scripts/part.js" /><file href="scripts/numbas.js" /><file href="scripts/question.js" /><file href="scripts/jme-display.js" /><file href="scripts/scorm-storage.js" /><file href="scripts/xml.js" /><file href="scripts/controls.js" /><file href="scripts/jme-calculus.js" /><file href="scripts/util.js" /><file href="scripts/localisation.js" /><file href="scripts/exam.js" /><file href="scripts/math.js" /><file href="scripts/jme-rules.js" /><file href="scripts/jme-builtins.js" /><file href="scripts/jme-variables.js" /><file href="scripts/json.js" /><file href="scripts/jme.js" /><file href="scripts/timing.js" /><file href="scripts/schedule.js" /><file href="scripts/es6-shim.js" /><file href="scripts/start-exam.js" /><file href="scripts/marking.js" /><file href="scripts/storage.js" /><file href="scripts/seedrandom/seedrandom.js" /><file href="scripts/es6-promise/es6-promise.js" /><file href="scripts/knockout/knockout.js" /><file href="scripts/sarissa/sarissa.js" /><file href="scripts/sarissa/sarissa_ieemu_xpath.js" /><file href="scripts/jquery/jquery.js" /><file href="scripts/jquery/jquery-ui.custom.min.js" /><file href="scripts/jquery/jquery.xslTransform.js" /><file href="scripts/i18next/i18next.js" /><file href="scripts/parts/extension.js" /><file href="scripts/parts/patternmatch.js" /><file href="scripts/parts/information.js" /><file href="scripts/parts/gapfill.js" /><file href="scripts/parts/multipleresponse.js" /><file href="scripts/parts/custom_part_type.js" /><file href="scripts/parts/matrixentry.js" /><file href="scripts/parts/jme.js" /><file href="scripts/parts/numberentry.js" /><file href="scripts/decimal/decimal.js" /><file href="extensions/geogebra/geogebra.js" /><file href="extensions/geogebra/README.md" /><file href="resources/numbas-logo.svg" /><file href="resources/numbas-icon.png" /><file href="resources/exam.css" /><file href="resources/iconfont/fontawesome.eot" /><file href="resources/iconfont/fontawesome.svg" /><file href="resources/iconfont/fontawesome.ttf" /><file href="resources/iconfont/font-awesome.min.css" /><file href="resources/iconfont/fontawesome.woff" /><file href="resources/iconfont/generator_config.txt" /><file href="resources/bootstrap/js/bootstrap.js" /><file href="resources/bootstrap/js/jasny-bootstrap.js" /><file href="resources/bootstrap/css/jasny-bootstrap.css" /><file href="resources/bootstrap/css/bootstrap.css" /><file href="scripts/display-base.js" /><file href="scripts/answer-widgets.js" /><file href="scripts/knockout-handlers.js" /><file href="scripts/mathjax.js" /><file href="scripts/display.js" /><file href="scripts/part-display.js" /><file href="scripts/exam-display.js" /><file href="scripts/question-display.js" /><file href="scripts/parts/jme-display.js" /><file href="scripts/parts/custom-display.js" /><file href="scripts/parts/patternmatch-display.js" /><file href="scripts/parts/multipleresponse-display.js" /><file href="scripts/parts/matrix-display.js" /><file href="scripts/parts/numberentry-display.js" /><file href="scripts/parts/information-display.js" /><file href="scripts/parts/gapfill-display.js" /><file href="scripts/parts/extension-display.js" /><file href="index.html" /><file href="settings.js" /><file href="marking_scripts.js" /><file href="downloaded-from.txt" /><file href="locale.js" /><file href="source.exam" /><file href="numbas-manifest.json" /><file href="lom.xsd" /><file href="XMLSchema.dtd" /><file href="lomCustom.xsd" /><file href="adlnav_v1p3.xsd" /><file href="imsss_v1p0rollup.xsd" /><file href="xml.xsd" /><file href="imsss_v1p0util.xsd" /><file href="imsmanifest.xml" /><file href="imsss_v1p0auxresource.xsd" /><file href="imscp_v1p1.xsd" /><file href="lomLoose.xsd" /><file href="lomStrict.xsd" /><file href="adlcp_v1p3.xsd" /><file href="imsss_v1p0.xsd" /><file href="adlseq_v1p3.xsd" /><file href="imsss_v1p0control.xsd" /><file href="datatypes.dtd" /><file href="imsss_v1p0seqrule.xsd" /><file href="imsss_v1p0random.xsd" /><file href="imsss_v1p0limit.xsd" /><file href="ims_xml.xsd" /><file href="imsss_v1p0objective.xsd" /><file href="imsss_v1p0delivery.xsd" /><file href="unique/strict.xsd" /><file href="unique/loose.xsd" /><file href="vocab/strict.xsd" /><file href="vocab/loose.xsd" /><file href="vocab/custom.xsd" /><file href="common/elementNames.xsd" /><file href="common/vocabValues.xsd" /><file href="common/elementTypes.xsd" /><file href="common/rootElement.xsd" /><file href="common/dataTypes.xsd" /><file href="common/anyElement.xsd" /><file href="common/vocabTypes.xsd" /><file href="extend/strict.xsd" /><file href="extend/custom.xsd" /></resource> 
	</resources> 
</manifest>